Pricing Model,Description,Best For,Advantages,Disadvantages
Token-Based (Consumption),"Pay per token/API call processed (e.g., per 1K tokens)","LLM APIs, text generation, translation services","Fair, direct cost correlation; scales with usage; low entry barrier",Unpredictable costs; hard to forecast; can get expensive at scale
Subscription (Tiered),Fixed monthly/annual fee with feature tiers (Basic/Pro/Enterprise),General SaaS products with clear feature differentiation,Predictable revenue; clear upgrade paths; easy to understand,May not capture heavy usage value; shelfware risk
Per-User/Per-Seat,Charge per user seat or active user,"Collaborative tools, CRM, project management",Simple billing; scales with team size; predictable,Doesn't reflect usage intensity; limits collaboration
Usage-Based (Pay-As-You-Go),"Pay only for what you consume (API calls, compute time, data processed)","Cloud services, APIs with variable consumption",Maximum flexibility; pay only for use; transparent,Cost unpredictability; hard to forecast for customers
Freemium,Free tier with limited features + paid premium tiers,"Product-led growth, mass user acquisition",Low friction adoption; large user base; product-led growth,High COGS for free users; low conversion rates (1-5%)
Hybrid (Subscription + Usage),Base subscription + additional charges for usage beyond allowance,"AI services, developer tools, variable usage patterns",Revenue predictability + flexibility; captures heavy users,Complex to implement; requires sophisticated billing
Value-Based,Price based on customer perceived value and business outcomes,"Premium/differentiated products, consulting services",Maximizes revenue potential; aligns with customer ROI,Hard to measure; requires deep customer understanding
Outcome-Based,"Pay for measurable results (resolved tickets, conversions, etc.)","Customer service automation, sales conversions",Perfect alignment of incentives; pay for results only,Complex outcome definition; measurement challenges
Agent-Based,"Price per AI agent as a ""digital worker"" ($X per agent/month)",Autonomous AI agents replacing human tasks,Easy to understand (like hiring); predictable costs,AI costs can vary; may not reflect actual work done
Cost-Plus,Production cost + fixed markup percentage,"Simple pricing, cost recovery focus",Simple to calculate; ensures cost recovery,Ignores customer value; may underprice or overprice
